{
    "rmse": 0.7781685531467424,
    "mae": 0.6418437834367035,
    "r2 score": 0.06923883671470765
}